{
    "test_loss": 0.48523497581481934,
    "test_accuracy": 0.8231292366981506,
    "confusion_matrix": [
        [
            605,
            0
        ],
        [
            130,
            0
        ]
    ],
    "classification_report": {
        "0.0": {
            "precision": 0.8231292517006803,
            "recall": 1.0,
            "f1-score": 0.9029850746268657,
            "support": 605.0
        },
        "1.0": {
            "precision": 0.0,
            "recall": 0.0,
            "f1-score": 0.0,
            "support": 130.0
        },
        "accuracy": 0.8231292517006803,
        "macro avg": {
            "precision": 0.41156462585034015,
            "recall": 0.5,
            "f1-score": 0.45149253731343286,
            "support": 735.0
        },
        "weighted avg": {
            "precision": 0.6775417650053218,
            "recall": 0.8231292517006803,
            "f1-score": 0.7432734287744949,
            "support": 735.0
        }
    }
}